Substitution,Andes_virus,Puumala_virus,Muju_virus,Nova_virus,Imjin_virus,Thottapalayam_virus,Cao_Bang_virus,Dobrava-Belgrade_virus,Thailand_virus,Seoul_virus,Hantaan_virus,Tula_virus,Khabarovsk_virus,Sin_Nombre_virus
C>A,0.0458800030784629,0.027125781466357322,0.0092459360584651,0.0238341611171501,0.024017344415090097,0.010946071579572201,0.022300113028105403,0.0213612073153789,0.014494311503897902,0.0194621606398588,0.024269391798326493,0.0165665086661469,0.0082804906678976,0.007253785815330401
C>G,0.0060744598881349995,0.00818240300244772,0.0022132810019652,0.0205855216130841,0.0268678922799781,0.0097767344626028,0.004568761784486701,0.0100554539153882,0.0074327569851508,0.004864063093784596,0.005233476694965931,0.0025018817504133,0.0092936247794095,0.000898348679081
C>T,0.21110455585704432,0.19307017165925333,0.1814349200895585,0.140226542949605,0.1417292834367177,0.17896064029855027,0.161697112923959,0.1859256177542848,0.15026725921324222,0.27578314507856416,0.19602537503303183,0.15475909340170851,0.2168756651457013,0.2168998236432206
T>A,0.050928587832872206,0.0573343319365476,0.06523629452872051,0.07334176554509711,0.043531618174095,0.04006736864915061,0.1113208365492285,0.036896375223997094,0.057887016938953,0.01691799502558998,0.025307732175977298,0.06381029051353061,0.0234045178449419,0.0247593284165316
T>C,0.1173825560236914,0.1698824287424183,0.16468890732873404,0.1282797813193567,0.11290214991085791,0.1547635964446713,0.14358264966326428,0.13428916125631282,0.13002116651289872,0.09463587537546689,0.11897349618702388,0.1507767641847357,0.17604579287378622,0.160164788795605
T>G,0.032201926783446404,0.024270118078984902,0.0322038696458154,0.020622192180575104,0.0304132338400531,0.0205702254432968,0.035644697907193906,0.023623380682884804,0.0265173677999836,0.0163050006252022,0.018269916682332802,0.0235782236319422,0.0376852560886418,0.0117858334560556
G>T,0.0741925931315011,0.039998283891557504,0.03215804908378961,0.0797087979947574,0.029195190437570104,0.0496263725407913,0.0240710492586027,0.06728039633679471,0.09514873549097409,0.0358269251906499,0.052734022279960456,0.0586138473872513,0.0184165249194836,0.0293723746360168
G>C,0.0059141070915725,0.0027325624602288667,0.0042502477374518,0.022263228561850302,0.0065058940057971994,0.0031083295643656,0.010556934235085,0.0082169057993,0.0097366716827546,0.005605071834038302,0.005018524735634824,0.009131503692050623,0.0071170838146782,0.0009702904505818
G>A,0.23539203494758706,0.1821724410641745,0.23803994521838792,0.23301065120432543,0.3907958885193565,0.2609377295581718,0.1559531303186898,0.23545664250020978,0.2596062163342467,0.3494328137855204,0.36295936626400177,0.25882583915430113,0.2040087591914438,0.27080944257798356
A>T,0.049783081030676093,0.053123458386939104,0.0467957793893896,0.07655424271852819,0.039659849866997596,0.0300497659307105,0.11964680329530732,0.0390511691069566,0.058507124377662305,0.01860696824236792,0.029323232087431778,0.05563715222567841,0.0348106681816331,0.0262949348663275
A>G,0.14924677749350906,0.2271886662590239,0.20754327765762753,0.16833181852722123,0.1409875105247672,0.22840963174899614,0.18009230383903832,0.2195029306335877,0.172124698689051,0.1527578942549684,0.1503660605974385,0.19288765216317713,0.2474914109121321,0.2382669232601465
A>C,0.021899316841492093,0.014919353052058017,0.016189492260089203,0.0132412962684416,0.013394144588713101,0.012783533779114299,0.030565607197032395,0.018340759474895,0.018256674471178,0.009802086853979501,0.011519405463865208,0.012911243229055906,0.0165702055802456,0.012524125403112199
