Substitution,Number_of_mutations
A[C>A]A,3
A[C>A]C,1
A[C>A]G,0
A[C>A]T,0
C[C>A]A,5
C[C>A]C,2
C[C>A]G,0
C[C>A]T,0
G[C>A]A,0
G[C>A]C,2
G[C>A]G,0
G[C>A]T,4
T[C>A]A,3
T[C>A]C,1
T[C>A]G,0
T[C>A]T,0
A[C>G]A,2
A[C>G]C,0
A[C>G]G,0
A[C>G]T,3
C[C>G]A,0
C[C>G]C,0
C[C>G]G,0
C[C>G]T,0
G[C>G]A,1
G[C>G]C,3
G[C>G]G,0
G[C>G]T,0
T[C>G]A,1
T[C>G]C,1
T[C>G]G,0
T[C>G]T,0
A[C>T]A,15
A[C>T]C,12
A[C>T]G,0
A[C>T]T,22
C[C>T]A,9
C[C>T]C,5
C[C>T]G,3
C[C>T]T,32
G[C>T]A,2
G[C>T]C,3
G[C>T]G,2
G[C>T]T,8
T[C>T]A,10
T[C>T]C,17
T[C>T]G,0
T[C>T]T,18
A[T>A]A,9
A[T>A]C,1
A[T>A]G,19
A[T>A]T,2
C[T>A]A,6
C[T>A]C,3
C[T>A]G,25
C[T>A]T,3
G[T>A]A,4
G[T>A]C,0
G[T>A]G,5
G[T>A]T,1
T[T>A]A,12
T[T>A]C,2
T[T>A]G,15
T[T>A]T,0
A[T>C]A,24
A[T>C]C,9
A[T>C]G,6
A[T>C]T,26
C[T>C]A,12
C[T>C]C,12
C[T>C]G,8
C[T>C]T,31
G[T>C]A,5
G[T>C]C,6
G[T>C]G,10
G[T>C]T,17
T[T>C]A,18
T[T>C]C,17
T[T>C]G,14
T[T>C]T,42
A[T>G]A,5
A[T>G]C,0
A[T>G]G,9
A[T>G]T,1
C[T>G]A,6
C[T>G]C,1
C[T>G]G,2
C[T>G]T,2
G[T>G]A,2
G[T>G]C,1
G[T>G]G,1
G[T>G]T,0
T[T>G]A,9
T[T>G]C,0
T[T>G]G,9
T[T>G]T,0
A[G>T]A,8
A[G>T]C,4
A[G>T]G,4
A[G>T]T,0
C[G>T]A,3
C[G>T]C,0
C[G>T]G,4
C[G>T]T,2
G[G>T]A,6
G[G>T]C,2
G[G>T]G,4
G[G>T]T,0
T[G>T]A,8
T[G>T]C,1
T[G>T]G,1
T[G>T]T,1
A[G>C]A,1
A[G>C]C,3
A[G>C]G,0
A[G>C]T,1
C[G>C]A,0
C[G>C]C,0
C[G>C]G,0
C[G>C]T,0
G[G>C]A,4
G[G>C]C,2
G[G>C]G,0
G[G>C]T,0
T[G>C]A,0
T[G>C]C,0
T[G>C]G,0
T[G>C]T,0
A[G>A]A,36
A[G>A]C,16
A[G>A]G,14
A[G>A]T,32
C[G>A]A,2
C[G>A]C,2
C[G>A]G,1
C[G>A]T,2
G[G>A]A,31
G[G>A]C,19
G[G>A]G,10
G[G>A]T,16
T[G>A]A,20
T[G>A]C,18
T[G>A]G,6
T[G>A]T,28
A[A>T]A,12
A[A>T]C,3
A[A>T]G,14
A[A>T]T,0
C[A>T]A,16
C[A>T]C,3
C[A>T]G,15
C[A>T]T,0
G[A>T]A,6
G[A>T]C,1
G[A>T]G,7
G[A>T]T,0
T[A>T]A,5
T[A>T]C,3
T[A>T]G,11
T[A>T]T,1
A[A>G]A,34
A[A>G]C,26
A[A>G]G,30
A[A>G]T,30
C[A>G]A,23
C[A>G]C,9
C[A>G]G,5
C[A>G]T,10
G[A>G]A,17
G[A>G]C,17
G[A>G]G,3
G[A>G]T,19
T[A>G]A,36
T[A>G]C,21
T[A>G]G,15
T[A>G]T,31
A[A>C]A,4
A[A>C]C,3
A[A>C]G,1
A[A>C]T,3
C[A>C]A,6
C[A>C]C,3
C[A>C]G,0
C[A>C]T,0
G[A>C]A,2
G[A>C]C,1
G[A>C]G,1
G[A>C]T,1
T[A>C]A,4
T[A>C]C,4
T[A>C]G,1
T[A>C]T,0
